,FID,Submarket,Market,Market_Cleaned,Submarket_Cleaned,Market_Submarket_Cleaned
0,0,Albany,Albany,Albany,Albany,Albany_Albany
1,1,Columbia,Albany,Albany,Columbia,Albany_Columbia
2,2,Fulton,Albany,Albany,Fulton,Albany_Fulton
3,3,Greene,Albany,Albany,Greene,Albany_Greene
4,4,Montgomery,Albany,Albany,Montgomery,Albany_Montgomery
5,5,Rensselaer,Albany,Albany,Rensselaer,Albany_Rensselaer
6,6,Saratoga,Albany,Albany,Saratoga,Albany_Saratoga
7,7,Schenectady,Albany,Albany,Schenectady,Albany_Schenectady
8,8,Schoharie,Albany,Albany,Schoharie,Albany_Schoharie
9,9,Warren,Albany,Albany,Warren,Albany_Warren
10,10,Airport,Albuquerque,Albuquerque,Airport,Albuquerque_Airport
11,11,Downtown,Albuquerque,Albuquerque,Downtown,Albuquerque_Downtown
12,12,Mesa del Sol,Albuquerque,Albuquerque,Mesa del Sol,Albuquerque_Mesa del Sol
13,13,North I-25,Albuquerque,Albuquerque,North I-25,Albuquerque_North I-25
14,14,North Valley,Albuquerque,Albuquerque,North Valley,Albuquerque_North Valley
15,15,NE Heights,Albuquerque,Albuquerque,NE Heights,Albuquerque_NE Heights
16,16,Rio Rancho,Albuquerque,Albuquerque,Rio Rancho,Albuquerque_Rio Rancho
17,17,SE Heights,Albuquerque,Albuquerque,SE Heights,Albuquerque_SE Heights
18,18,South I-25,Albuquerque,Albuquerque,South I-25,Albuquerque_South I-25
19,19,Valencia County,Albuquerque,Albuquerque,Valencia County,Albuquerque_Valencia County
20,20,West Mesa,Albuquerque,Albuquerque,West Mesa,Albuquerque_West Mesa
21,21,Airport/South Atlanta,Atlanta,Atlanta,Airport/South Atlanta,Atlanta_Airport/South Atlanta
22,22,Central Atlanta,Atlanta,Atlanta,Central Atlanta,Atlanta_Central Atlanta
23,23,Chattahoochee,Atlanta,Atlanta,Chattahoochee,Atlanta_Chattahoochee
24,24,I-20 West,Atlanta,Atlanta,I-20 West,Atlanta_I-20 West
25,25,Morgan County County,Atlanta,Atlanta,Morgan County County,Atlanta_Morgan County County
26,26,North Central San Antonio/GA 400 Corrido,Atlanta,Atlanta,North Central San Antonio/GA 400 Corrido,Atlanta_North Central San Antonio/GA 400 Corrido
27,27,Northeast/I-85,Atlanta,Atlanta,Northeast/I-85,Atlanta_Northeast/I-85
28,28,Northwest/I-75,Atlanta,Atlanta,Northwest/I-75,Atlanta_Northwest/I-75
29,29,Snapfinger,Atlanta,Atlanta,Snapfinger,Atlanta_Snapfinger
30,30,Stone Mountain,Atlanta,Atlanta,Stone Mountain,Atlanta_Stone Mountain
31,31,Central,Austin,Austin,Central,Austin_Central
32,32,Far North,Austin,Austin,Far North,Austin_Far North
33,33,North,Austin,Austin,North,Austin_North
34,34,Northeast,Austin,Austin,Northeast,Austin_Northeast
35,35,Northwest,Austin,Austin,Northwest,Austin_Northwest
36,36,South,Austin,Austin,South,Austin_South
37,37,Southwest,Austin,Austin,Southwest,Austin_Southwest
38,38,Annapolis,Baltimore,Baltimore,Annapolis,Baltimore_Annapolis
39,39,Baltimore City,Baltimore,Baltimore,Baltimore City,Baltimore_Baltimore City
40,40,Baltimore County East,Baltimore,Baltimore,Baltimore County East,Baltimore_Baltimore County East
41,41,Baltimore Southwest,Baltimore,Baltimore,Baltimore Southwest,Baltimore_Baltimore Southwest
42,42,Balt/ Washington Corridor,Baltimore,Baltimore,Balt/ Washington Corridor,Baltimore_Balt/ Washington Corridor
43,43,Harford/Cecil County,Baltimore,Baltimore,Harford/Cecil County,Baltimore_Harford/Cecil County
44,44,Hunt Valley/Towson,Baltimore,Baltimore,Hunt Valley/Towson,Baltimore_Hunt Valley/Towson
45,45,Outer North West Baltimore,Baltimore,Baltimore,Outer North West Baltimore,Baltimore_Outer North West Baltimore
46,46,Owings Mills/Reisterstown Rd,Baltimore,Baltimore,Owings Mills/Reisterstown Rd,Baltimore_Owings Mills/Reisterstown Rd
47,47,Queen Anne County,Baltimore,Baltimore,Queen Anne County,Baltimore_Queen Anne County
48,48,Southern Anne Arundel County,Baltimore,Baltimore,Southern Anne Arundel County,Baltimore_Southern Anne Arundel County
49,49,Central,Birmingham,Birmingham,Central,Birmingham_Central
50,50,East,Birmingham,Birmingham,East,Birmingham_East
51,51,Northwest,Birmingham,Birmingham,Northwest,Birmingham_Northwest
52,52,Oxmoor,Birmingham,Birmingham,Oxmoor,Birmingham_Oxmoor
53,53,South,Birmingham,Birmingham,South,Birmingham_South
54,54,Southwest,Birmingham,Birmingham,Southwest,Birmingham_Southwest
55,55,St Clair County,Birmingham,Birmingham,St Clair County,Birmingham_St Clair County
56,56,Boston,Boston,Boston,Boston,Boston_Boston
57,57,Cambridge,Boston,Boston,Cambridge,Boston_Cambridge
58,58,Close-In Suburbs North,Boston,Boston,Close-In Suburbs North,Boston_Close-In Suburbs North
59,59,Framingham - Natick,Boston,Boston,Framingham - Natick,Boston_Framingham - Natick
60,60,Route 128-North,Boston,Boston,Route 128-North,Boston_Route 128-North
61,61,Route 128-South,Boston,Boston,Route 128-South,Boston_Route 128-South
62,62,Route 128-West,Boston,Boston,Route 128-West,Boston_Route 128-West
63,63,Route 3 - North,Boston,Boston,Route 3 - North,Boston_Route 3 - North
64,64,Route 495-South,Boston,Boston,Route 495-South,Boston_Route 495-South
65,65,Route 495 Mass Pike West,Boston,Boston,Route 495 Mass Pike West,Boston_Route 495 Mass Pike West
66,66,Route 495 Route 2 West,Boston,Boston,Route 495 Route 2 West,Boston_Route 495 Route 2 West
67,67,C,Buffalo,Buffalo,C,Buffalo_C
68,68,E,Buffalo,Buffalo,E,Buffalo_E
69,69,N,Buffalo,Buffalo,N,Buffalo_N
70,70,S,Buffalo,Buffalo,S,Buffalo_S
71,71,Charleston,Charleston,Charleston,Charleston,Charleston_Charleston
72,72,East Cooper,Charleston,Charleston,East Cooper,Charleston_East Cooper
73,73,Hanahan,Charleston,Charleston,Hanahan,Charleston_Hanahan
74,74,Hwy 52 North,Charleston,Charleston,Hwy 52 North,Charleston_Hwy 52 North
75,75,I-26 North,Charleston,Charleston,I-26 North,Charleston_I-26 North
76,76,North Charleston/Ladson,Charleston,Charleston,North Charleston/Ladson,Charleston_North Charleston/Ladson
77,77,West Ashley,Charleston,Charleston,West Ashley,Charleston_West Ashley
78,78,Central,Charlotte,Charlotte,Central,Charlotte_Central
79,79,East,Charlotte,Charlotte,East,Charlotte_East
80,80,North,Charlotte,Charlotte,North,Charlotte_North
81,81,Northeast,Charlotte,Charlotte,Northeast,Charlotte_Northeast
82,82,Northwest,Charlotte,Charlotte,Northwest,Charlotte_Northwest
83,83,Southeast,Charlotte,Charlotte,Southeast,Charlotte_Southeast
84,84,Southwest,Charlotte,Charlotte,Southwest,Charlotte_Southwest
85,85,West,Charlotte,Charlotte,West,Charlotte_West
86,86,Central Kane & DuPage County,Chicago,Chicago,Central Kane & DuPage County,Chicago_Central Kane & DuPage County
87,87,City North,Chicago,Chicago,City North,Chicago_City North
88,88,City South,Chicago,Chicago,City South,Chicago_City South
89,89,Far Southwest Suburbs,Chicago,Chicago,Far Southwest Suburbs,Chicago_Far Southwest Suburbs
90,90,Far West Suburbs,Chicago,Chicago,Far West Suburbs,Chicago_Far West Suburbs
91,91,Northwest Indiana,Chicago,Chicago,Northwest Indiana,Chicago_Northwest Indiana
92,92,Joliet Area,Chicago,Chicago,Joliet Area,Chicago_Joliet Area
93,93,Lake County,Chicago,Chicago,Lake County,Chicago_Lake County
94,94,McHenry County,Chicago,Chicago,McHenry County,Chicago_McHenry County
95,95,Near West Suburbs,Chicago,Chicago,Near West Suburbs,Chicago_Near West Suburbs
96,96,North DuPage County,Chicago,Chicago,North DuPage County,Chicago_North DuPage County
97,97,North Kane County,Chicago,Chicago,North Kane County,Chicago_North Kane County
98,98,Northeast Cook County,Chicago,Chicago,Northeast Cook County,Chicago_Northeast Cook County
99,99,Northwest Cook County,Chicago,Chicago,Northwest Cook County,Chicago_Northwest Cook County
100,100,O'Hare,Chicago,Chicago,O'Hare,Chicago_O'Hare
101,101,South Suburbs,Chicago,Chicago,South Suburbs,Chicago_South Suburbs
102,102,Southwest Suburbs,Chicago,Chicago,Southwest Suburbs,Chicago_Southwest Suburbs
103,103,West Suburbs,Chicago,Chicago,West Suburbs,Chicago_West Suburbs
104,104,Central,Cincinnati,Cincinnati,Central,Cincinnati_Central
105,105,Northeast,Cincinnati,Cincinnati,Northeast,Cincinnati_Northeast
106,106,Northern Kentucky,Cincinnati,Cincinnati,Northern Kentucky,Cincinnati_Northern Kentucky
107,107,Northwest,Cincinnati,Cincinnati,Northwest,Cincinnati_Northwest
108,108,Downtown,Cleveland,Cleveland,Downtown,Cleveland_Downtown
109,109,East,Cleveland,Cleveland,East,Cleveland_East
110,110,Geauga West,Cleveland,Cleveland,Geauga West,Cleveland_Geauga West
111,111,Lake County West,Cleveland,Cleveland,Lake County West,Cleveland_Lake County West
112,112,Northeast,Cleveland,Cleveland,Northeast,Cleveland_Northeast
113,113,South,Cleveland,Cleveland,South,Cleveland_South
114,114,Southeast,Cleveland,Cleveland,Southeast,Cleveland_Southeast
115,115,Southwest,Cleveland,Cleveland,Southwest,Cleveland_Southwest
116,116,Northwest,Cleveland,Cleveland,Northwest,Cleveland_Northwest
117,117,CBD,Colorado Springs,Colorado Springs,CBD,Colorado Springs_CBD
118,118,Central,Colorado Springs,Colorado Springs,Central,Colorado Springs_Central
119,119,East,Colorado Springs,Colorado Springs,East,Colorado Springs_East
120,120,Falcon,Colorado Springs,Colorado Springs,Falcon,Colorado Springs_Falcon
121,121,Fountain/Security/Widefield,Colorado Springs,Colorado Springs,Fountain/Security/Widefield,Colorado Springs_Fountain/Security/Widefield
122,122,Greater Downtown,Colorado Springs,Colorado Springs,Greater Downtown,Colorado Springs_Greater Downtown
123,123,Northeast,Colorado Springs,Colorado Springs,Northeast,Colorado Springs_Northeast
124,124,Northwest,Colorado Springs,Colorado Springs,Northwest,Colorado Springs_Northwest
125,125,Southeast,Colorado Springs,Colorado Springs,Southeast,Colorado Springs_Southeast
126,126,Southwest,Colorado Springs,Colorado Springs,Southwest,Colorado Springs_Southwest
127,127,Tri-Lakes,Colorado Springs,Colorado Springs,Tri-Lakes,Colorado Springs_Tri-Lakes
128,128,West Side/Manitou,Colorado Springs,Colorado Springs,West Side/Manitou,Colorado Springs_West Side/Manitou
129,129,Calhoun,Columbia,Columbia,Calhoun,Columbia_Calhoun
130,130,Cayce-West Columbia,Columbia,Columbia,Cayce-West Columbia,Columbia_Cayce-West Columbia
131,131,Dutch Fork,Columbia,Columbia,Dutch Fork,Columbia_Dutch Fork
132,132,Fairfield,Columbia,Columbia,Fairfield,Columbia_Fairfield
133,133,Kershaw,Columbia,Columbia,Kershaw,Columbia_Kershaw
134,134,Lexington,Columbia,Columbia,Lexington,Columbia_Lexington
135,135,Newberry,Columbia,Columbia,Newberry,Columbia_Newberry
136,136,North Columbia,Columbia,Columbia,North Columbia,Columbia_North Columbia
137,137,Northeast Columbia,Columbia,Columbia,Northeast Columbia,Columbia_Northeast Columbia
138,138,Saluda,Columbia,Columbia,Saluda,Columbia_Saluda
139,139,Southeast Columbia,Columbia,Columbia,Southeast Columbia,Columbia_Southeast Columbia
140,140,Central,Columbus,Columbus,Central,Columbus_Central
141,141,East,Columbus,Columbus,East,Columbus_East
142,142,Northeast,Columbus,Columbus,Northeast,Columbus_Northeast
143,143,Northwest,Columbus,Columbus,Northwest,Columbus_Northwest
144,144,Southeast,Columbus,Columbus,Southeast,Columbus_Southeast
145,145,Southwest,Columbus,Columbus,Southwest,Columbus_Southwest
146,146,West,Columbus,Columbus,West,Columbus_West
147,147,Delaware County,Columbus - Outlying,Columbus - Outlying,Delaware County,Columbus - Outlying_Delaware County
148,148,Fairfield County,Columbus - Outlying,Columbus - Outlying,Fairfield County,Columbus - Outlying_Fairfield County
149,149,Licking County,Columbus - Outlying,Columbus - Outlying,Licking County,Columbus - Outlying_Licking County
150,150,Madison County,Columbus - Outlying,Columbus - Outlying,Madison County,Columbus - Outlying_Madison County
151,151,Pickaway County,Columbus - Outlying,Columbus - Outlying,Pickaway County,Columbus - Outlying_Pickaway County
152,152,Union County,Columbus - Outlying,Columbus - Outlying,Union County,Columbus - Outlying_Union County
153,153,Antioch/Oakley,North East Contra Costa County,North East Contra Costa County,Antioch/Oakley,North East Contra Costa County_Antioch/Oakley
154,154,Brentwood,North East Contra Costa County,North East Contra Costa County,Brentwood,North East Contra Costa County_Brentwood
155,155,Concord,North East Contra Costa County,North East Contra Costa County,Concord,North East Contra Costa County_Concord
156,156,Martinez/Pacheco,North East Contra Costa County,North East Contra Costa County,Martinez/Pacheco,North East Contra Costa County_Martinez/Pacheco
157,157,Pittsburg,North East Contra Costa County,North East Contra Costa County,Pittsburg,North East Contra Costa County_Pittsburg
158,158,Pleasant Hill,North East Contra Costa County,North East Contra Costa County,Pleasant Hill,North East Contra Costa County_Pleasant Hill
159,159,Walnut Creek,North East Contra Costa County,North East Contra Costa County,Walnut Creek,North East Contra Costa County_Walnut Creek
160,160,DFW Airport,Dallas - Fort Worth,Dallas - Fort Worth,DFW Airport,Dallas - Fort Worth_DFW Airport
161,161,East Dallas,Dallas - Fort Worth,Dallas - Fort Worth,East Dallas,Dallas - Fort Worth_East Dallas
162,162,Great Southwest/Arlington,Dallas - Fort Worth,Dallas - Fort Worth,Great Southwest/Arlington,Dallas - Fort Worth_Great Southwest/Arlington
163,163,North Fort Worth,Dallas - Fort Worth,Dallas - Fort Worth,North Fort Worth,Dallas - Fort Worth_North Fort Worth
164,164,Northeast Dallas,Dallas - Fort Worth,Dallas - Fort Worth,Northeast Dallas,Dallas - Fort Worth_Northeast Dallas
165,165,Northwest Dallas,Dallas - Fort Worth,Dallas - Fort Worth,Northwest Dallas,Dallas - Fort Worth_Northwest Dallas
166,166,287 Corridor,Dallas - Fort Worth,Dallas - Fort Worth,287 Corridor,Dallas - Fort Worth_287 Corridor
167,167,South Fort Worth,Dallas - Fort Worth,Dallas - Fort Worth,South Fort Worth,Dallas - Fort Worth_South Fort Worth
168,168,South Stemmons,Dallas - Fort Worth,Dallas - Fort Worth,South Stemmons,Dallas - Fort Worth_South Stemmons
169,169,Airport,Denver,Denver,Airport,Denver_Airport
170,170,Boulder,Denver,Denver,Boulder,Denver_Boulder
171,171,I-76 Corridor,Denver,Denver,I-76 Corridor,Denver_I-76 Corridor
172,172,North,Denver,Denver,North,Denver_North
173,173,North Central,Denver,Denver,North Central,Denver_North Central
174,174,Northwest,Denver,Denver,Northwest,Denver_Northwest
175,175,South Central,Denver,Denver,South Central,Denver_South Central
176,176,Southeast,Denver,Denver,Southeast,Denver_Southeast
177,177,Southwest,Denver,Denver,Southwest,Denver_Southwest
178,178,West,Denver,Denver,West,Denver_West
179,179,Detroit,Detroit,Detroit,Detroit,Detroit_Detroit
180,180,Downriver,Detroit,Detroit,Downriver,Detroit_Downriver
181,181,Macomb,Detroit,Detroit,Macomb,Detroit_Macomb
182,182,I-75 Corridor,Detroit,Detroit,I-75 Corridor,Detroit_I-75 Corridor
183,183,Northwest Suburbs,Detroit,Detroit,Northwest Suburbs,Detroit_Northwest Suburbs
184,184,Southeast Oakland,Detroit,Detroit,Southeast Oakland,Detroit_Southeast Oakland
185,185,Washtenaw,Detroit,Detroit,Washtenaw,Detroit_Washtenaw
186,186,Western Wayne,Detroit,Detroit,Western Wayne,Detroit_Western Wayne
187,187,Central,El Paso,El Paso,Central,El Paso_Central
188,188,East,El Paso,El Paso,East,El Paso_East
189,189,Fort Bliss,El Paso,El Paso,Fort Bliss,El Paso_Fort Bliss
190,190,Lower Valley,El Paso,El Paso,Lower Valley,El Paso_Lower Valley
191,191,Northeast,El Paso,El Paso,Northeast,El Paso_Northeast
192,192,West,El Paso,El Paso,West,El Paso_West
193,193,Eastern,Fairfield County,Fairfield County,Eastern,Fairfield County_Eastern
194,194,Lower,Fairfield County,Fairfield County,Lower,Fairfield County_Lower
195,195,Upper,Fairfield County,Fairfield County,Upper,Fairfield County_Upper
196,196,Destin/Fort Walton Beach/Okaloosa,Panhandle,Panhandle,Destin/Fort Walton Beach/Okaloosa,Panhandle_Destin/Fort Walton Beach/Okaloosa
197,197,Tallahassee,Panhandle,Panhandle,Tallahassee,Panhandle_Tallahassee
198,198,Panama City,Panhandle,Panhandle,Panama City,Panhandle_Panama City
199,199,Pensacola,Panhandle,Panhandle,Pensacola,Panhandle_Pensacola
200,200,Central Broward,Broward,Broward,Central Broward,Broward_Central Broward
201,201,Coral Springs,Broward,Broward,Coral Springs,Broward_Coral Springs
202,202,Northeast Broward,Broward,Broward,Northeast Broward,Broward_Northeast Broward
203,203,Pompano/Lauderdale,Broward,Broward,Pompano/Lauderdale,Broward_Pompano/Lauderdale
204,204,Southeast Broward,Broward,Broward,Southeast Broward,Broward_Southeast Broward
205,205,Sunrise,Broward,Broward,Sunrise,Broward_Sunrise
206,206,Southwest Broward,Broward,Broward,Southwest Broward,Broward_Southwest Broward
207,207,CUA,Grand Rapids,Grand Rapids,CUA,Grand Rapids_CUA
208,208,Northeast,Grand Rapids,Grand Rapids,Northeast,Grand Rapids_Northeast
209,209,Northwest,Grand Rapids,Grand Rapids,Northwest,Grand Rapids_Northwest
210,210,Southeast,Grand Rapids,Grand Rapids,Southeast,Grand Rapids_Southeast
211,211,Southwest,Grand Rapids,Grand Rapids,Southwest,Grand Rapids_Southwest
212,212,Piedmont Triad Airport,Greensboro Winston-Salem,Greensboro Winston-Salem,Piedmont Triad Airport,Greensboro Winston-Salem_Piedmont Triad Airport
213,213,High Point/SW Guilord,Greensboro Winston-Salem,Greensboro Winston-Salem,High Point/SW Guilord,Greensboro Winston-Salem_High Point/SW Guilord
214,214,North Guilford,Greensboro Winston-Salem,Greensboro Winston-Salem,North Guilford,Greensboro Winston-Salem_North Guilford
215,215,Southeast Guilford,Greensboro Winston-Salem,Greensboro Winston-Salem,Southeast Guilford,Greensboro Winston-Salem_Southeast Guilford
216,216,South Greensboro,Greensboro Winston-Salem,Greensboro Winston-Salem,South Greensboro,Greensboro Winston-Salem_South Greensboro
217,217,Anderson,Greenville-Spartanburg,Greenville-Spartanburg,Anderson,Greenville-Spartanburg_Anderson
218,218,Central Greenville,Greenville-Spartanburg,Greenville-Spartanburg,Central Greenville,Greenville-Spartanburg_Central Greenville
219,219,I-385 South,Greenville-Spartanburg,Greenville-Spartanburg,I-385 South,Greenville-Spartanburg_I-385 South
220,220,I-85 East,Greenville-Spartanburg,Greenville-Spartanburg,I-85 East,Greenville-Spartanburg_I-85 East
221,221,I-85 West,Greenville-Spartanburg,Greenville-Spartanburg,I-85 West,Greenville-Spartanburg_I-85 West
222,222,Spartanburg East,Greenville-Spartanburg,Greenville-Spartanburg,Spartanburg East,Greenville-Spartanburg_Spartanburg East
223,223,Spartanburg West,Greenville-Spartanburg,Greenville-Spartanburg,Spartanburg West,Greenville-Spartanburg_Spartanburg West
224,224,Taylors-Greer,Greenville-Spartanburg,Greenville-Spartanburg,Taylors-Greer,Greenville-Spartanburg_Taylors-Greer
225,225,Travelers Rest,Greenville-Spartanburg,Greenville-Spartanburg,Travelers Rest,Greenville-Spartanburg_Travelers Rest
226,226,Periphery Downtown,Hartford,Hartford,Periphery Downtown,Hartford_Periphery Downtown
227,227,Hartford East,Hartford,Hartford,Hartford East,Hartford_Hartford East
228,228,Hartford North,Hartford,Hartford,Hartford North,Hartford_Hartford North
229,229,Hartford South,Hartford,Hartford,Hartford South,Hartford_Hartford South
230,230,Hartford West,Hartford,Hartford,Hartford West,Hartford_Hartford West
231,231,Aiea,Hawaii,Hawaii,Aiea,Hawaii_Aiea
232,232,Airport,Hawaii,Hawaii,Airport,Hawaii_Airport
233,233,Bougainville,Hawaii,Hawaii,Bougainville,Hawaii_Bougainville
234,234,Campbell,Hawaii,Hawaii,Campbell,Hawaii_Campbell
235,235,Central Business District,Hawaii,Hawaii,Central Business District,Hawaii_Central Business District
236,236,Ewa Beach,Hawaii,Hawaii,Ewa Beach,Hawaii_Ewa Beach
237,237,Halawa,Hawaii,Hawaii,Halawa,Hawaii_Halawa
238,238,Iwilei,Hawaii,Hawaii,Iwilei,Hawaii_Iwilei
239,239,Kakaako,Hawaii,Hawaii,Kakaako,Hawaii_Kakaako
240,240,Kalihi,Hawaii,Hawaii,Kalihi,Hawaii_Kalihi
241,241,Kapolei,Hawaii,Hawaii,Kapolei,Hawaii_Kapolei
242,242,Mapunapuna,Hawaii,Hawaii,Mapunapuna,Hawaii_Mapunapuna
243,243,Pearl City,Hawaii,Hawaii,Pearl City,Hawaii_Pearl City
244,244,Sand Island,Hawaii,Hawaii,Sand Island,Hawaii_Sand Island
245,245,Wahiawa,Hawaii,Hawaii,Wahiawa,Hawaii_Wahiawa
246,246,Waipahu,Hawaii,Hawaii,Waipahu,Hawaii_Waipahu
247,247,Waipio,Hawaii,Hawaii,Waipio,Hawaii_Waipio
248,248,Windward,Hawaii,Hawaii,Windward,Hawaii_Windward
249,249,CBD,Houston,Houston,CBD,Houston_CBD
250,250,North,Houston,Houston,North,Houston_North
251,251,Northeast,Houston,Houston,Northeast,Houston_Northeast
252,252,Northwest,Houston,Houston,Northwest,Houston_Northwest
253,253,South,Houston,Houston,South,Houston_South
254,254,Southeast,Houston,Houston,Southeast,Houston_Southeast
255,255,Southwest,Houston,Houston,Southwest,Houston_Southwest
256,256,Southwest,Indianapolis,Indianapolis,Southwest,Indianapolis_Southwest
257,257,Northwest,Indianapolis,Indianapolis,Northwest,Indianapolis_Northwest
258,258,North,Indianapolis,Indianapolis,North,Indianapolis_North
259,259,Northeast,Indianapolis,Indianapolis,Northeast,Indianapolis_Northeast
260,260,CBD,Indianapolis,Indianapolis,CBD,Indianapolis_CBD
261,261,East,Indianapolis,Indianapolis,East,Indianapolis_East
262,262,Southeast,Indianapolis,Indianapolis,Southeast,Indianapolis_Southeast
263,263,Inland Empire East,Inland Empire,Inland Empire,Inland Empire East,Inland Empire_Inland Empire East
264,264,Inland Empire North,Inland Empire,Inland Empire,Inland Empire North,Inland Empire_Inland Empire North
265,265,Low Desert,Inland Empire,Inland Empire,Low Desert,Inland Empire_Low Desert
266,266,Inland Empire West,Inland Empire,Inland Empire,Inland Empire West,Inland Empire_Inland Empire West
267,267,Beaches,Jacksonville,Jacksonville,Beaches,Jacksonville_Beaches
268,268,Clay County,Jacksonville,Jacksonville,Clay County,Jacksonville_Clay County
269,269,Downtown,Jacksonville,Jacksonville,Downtown,Jacksonville_Downtown
270,270,Northside,Jacksonville,Jacksonville,Northside,Jacksonville_Northside
271,271,Southside,Jacksonville,Jacksonville,Southside,Jacksonville_Southside
272,272,St. Johns County,Jacksonville,Jacksonville,St. Johns County,Jacksonville_St. Johns County
273,273,Westside,Jacksonville,Jacksonville,Westside,Jacksonville_Westside
274,274,Central,Juarez,Juarez,Central,Juarez_Central
275,275,North,Juarez,Juarez,North,Juarez_North
276,276,San Geronimo,Juarez,Juarez,San Geronimo,Juarez_San Geronimo
277,277,South/Electrolux,Juarez,Juarez,South/Electrolux,Juarez_South/Electrolux
278,278,Southeast,Juarez,Juarez,Southeast,Juarez_Southeast
279,279,Southwest,Juarez,Juarez,Southwest,Juarez_Southwest
280,280,West,Juarez,Juarez,West,Juarez_West
281,281,Cass,Kansas City,Kansas City,Cass,Kansas City_Cass
282,282,Clay,Kansas City,Kansas City,Clay,Kansas City_Clay
283,283,Jackson,Kansas City,Kansas City,Jackson,Kansas City_Jackson
284,284,Johnson,Kansas City,Kansas City,Johnson,Kansas City_Johnson
285,285,Platte,Kansas City,Kansas City,Platte,Kansas City_Platte
286,286,Wyandotte,Kansas City,Kansas City,Wyandotte,Kansas City_Wyandotte
287,287,Central Business District,Lansing,Lansing,Central Business District,Lansing_Central Business District
288,288,East,Lansing,Lansing,East,Lansing_East
289,289,North,Lansing,Lansing,North,Lansing_North
290,290,South,Lansing,Lansing,South,Lansing_South
291,291,West,Lansing,Lansing,West,Lansing_West
292,292,Airport,Las Vegas,Las Vegas,Airport,Las Vegas_Airport
293,293,Central,Las Vegas,Las Vegas,Central,Las Vegas_Central
294,294,Henderson,Las Vegas,Las Vegas,Henderson,Las Vegas_Henderson
295,295,North Las Vegas,Las Vegas,Las Vegas,North Las Vegas,Las Vegas_North Las Vegas
296,296,Southwest,Las Vegas,Las Vegas,Southwest,Las Vegas_Southwest
297,297,Antelope Valley,Los Angeles,Los Angeles,Antelope Valley,Los Angeles_Antelope Valley
298,298,Montebello,Central Los Angeles,Central Los Angeles,Montebello,Central Los Angeles_Montebello
299,299,Downtown Los Angeles,Central Los Angeles,Central Los Angeles,Downtown Los Angeles,Central Los Angeles_Downtown Los Angeles
300,300,Greater San Fernando Valley,Greater Los Angeles,Greater Los Angeles,Greater San Fernando Valley,Greater Los Angeles_Greater San Fernando Valley
301,301,Mid-Counties,Greater Los Angeles,Greater Los Angeles,Mid-Counties,Greater Los Angeles_Mid-Counties
302,302,San Gabriel Valley,Greater Los Angeles,Greater Los Angeles,San Gabriel Valley,Greater Los Angeles_San Gabriel Valley
303,303,South Bay,Greater Los Angeles,Greater Los Angeles,South Bay,Greater Los Angeles_South Bay
304,304,Huntington Park,Central Los Angeles,Central Los Angeles,Huntington Park,Central Los Angeles_Huntington Park
305,305,Bluegrass,Louisville,Louisville,Bluegrass,Louisville_Bluegrass
306,306,Bullitt County,Louisville,Louisville,Bullitt County,Louisville_Bullitt County
307,307,Downtown,Louisville,Louisville,Downtown,Louisville_Downtown
308,308,Northeast,Louisville,Louisville,Northeast,Louisville_Northeast
309,309,Riverport,Louisville,Louisville,Riverport,Louisville_Riverport
310,310,Southern Indiana,Louisville,Louisville,Southern Indiana,Louisville_Southern Indiana
311,311,Southside/Airport,Louisville,Louisville,Southside/Airport,Louisville_Southside/Airport
312,312,Central,Madison,Madison,Central,Madison_Central
313,313,East,Madison,Madison,East,Madison_East
314,314,Rock County,Madison,Madison,Rock County,Madison_Rock County
315,315,South,Madison,Madison,South,Madison_South
316,316,West,Madison,Madison,West,Madison_West
317,317,Prince George's,Suburban Maryland,Suburban Maryland,Prince George's,Suburban Maryland_Prince George's
318,318,Montgomery,Suburban Maryland,Suburban Maryland,Montgomery,Suburban Maryland_Montgomery
319,319,Edinburg,McAllen,McAllen,Edinburg,McAllen_Edinburg
320,320,Hidalgo,McAllen,McAllen,Hidalgo,McAllen_Hidalgo
321,321,McAllen,McAllen,McAllen,McAllen,McAllen_McAllen
322,322,Mission,McAllen,McAllen,Mission,McAllen_Mission
323,323,Pharr,McAllen,McAllen,Pharr,McAllen_Pharr
324,324,Desoto County,Memphis,Memphis,Desoto County,Memphis_Desoto County
325,325,Northeast,Memphis,Memphis,Northeast,Memphis_Northeast
326,326,Northwest,Memphis,Memphis,Northwest,Memphis_Northwest
327,327,Southeast,Memphis,Memphis,Southeast,Memphis_Southeast
328,328,Southwest,Memphis,Memphis,Southwest,Memphis_Southwest
329,329,Airport/Doral,Miami,Miami,Airport/Doral,Miami_Airport/Doral
330,330,Central Dade,Miami,Miami,Central Dade,Miami_Central Dade
331,331,Hialeah,Miami,Miami,Hialeah,Miami_Hialeah
332,332,Kendall/Tamiami,Miami,Miami,Kendall/Tamiami,Miami_Kendall/Tamiami
333,333,Medley,Miami,Miami,Medley,Miami_Medley
334,334,Miami Lakes,Miami,Miami,Miami Lakes,Miami_Miami Lakes
335,335,North Central Dade,Miami,Miami,North Central Dade,Miami_North Central Dade
336,336,Northeast Dade,Miami,Miami,Northeast Dade,Miami_Northeast Dade
337,337,South Dade,Miami,Miami,South Dade,Miami_South Dade
338,338,Southeast Wisconsin,Chicago,Chicago,Southeast Wisconsin,Chicago_Southeast Wisconsin
339,339,Milwaukee Downtown,Milwaukee,Milwaukee,Milwaukee Downtown,Milwaukee_Milwaukee Downtown
340,340,Milwaukee North Central,Milwaukee,Milwaukee,Milwaukee North Central,Milwaukee_Milwaukee North Central
341,341,Milwaukee North Shore,Milwaukee,Milwaukee,Milwaukee North Shore,Milwaukee_Milwaukee North Shore
342,342,Milwaukee Northwest,Milwaukee,Milwaukee,Milwaukee Northwest,Milwaukee_Milwaukee Northwest
343,343,Milwaukee South,Milwaukee,Milwaukee,Milwaukee South,Milwaukee_Milwaukee South
344,344,Milwaukee South Central,Milwaukee,Milwaukee,Milwaukee South Central,Milwaukee_Milwaukee South Central
345,345,Milwaukee West,Milwaukee,Milwaukee,Milwaukee West,Milwaukee_Milwaukee West
346,346,Ozaukee,Milwaukee,Milwaukee,Ozaukee,Milwaukee_Ozaukee
347,347,Sheboygan,Milwaukee,Milwaukee,Sheboygan,Milwaukee_Sheboygan
348,348,Walworth,Milwaukee,Milwaukee,Walworth,Milwaukee_Walworth
349,349,Washington,Milwaukee,Milwaukee,Washington,Milwaukee_Washington
350,350,Waukesha Northeast,Milwaukee,Milwaukee,Waukesha Northeast,Milwaukee_Waukesha Northeast
351,351,Waukesha Northwest,Milwaukee,Milwaukee,Waukesha Northwest,Milwaukee_Waukesha Northwest
352,352,Waukesha Southeast,Milwaukee,Milwaukee,Waukesha Southeast,Milwaukee_Waukesha Southeast
353,353,Waukesha Southwest,Milwaukee,Milwaukee,Waukesha Southwest,Milwaukee_Waukesha Southwest
354,354,East,Minneapolis,Minneapolis,East,Minneapolis_East
355,355,Midway,Minneapolis,Minneapolis,Midway,Minneapolis_Midway
356,356,Minneapolis,Minneapolis,Minneapolis,Minneapolis,Minneapolis_Minneapolis
357,357,North Central,Minneapolis,Minneapolis,North Central,Minneapolis_North Central
358,358,Northwest,Minneapolis,Minneapolis,Northwest,Minneapolis_Northwest
359,359,South Central,Minneapolis,Minneapolis,South Central,Minneapolis_South Central
360,360,Southwest,Minneapolis,Minneapolis,Southwest,Minneapolis_Southwest
361,361,St Paul,Minneapolis,Minneapolis,St Paul,Minneapolis_St Paul
362,362,Allied Drive/I-65,Nashville,Nashville,Allied Drive/I-65,Nashville_Allied Drive/I-65
363,363,CBD/Polk Avenue,Nashville,Nashville,CBD/Polk Avenue,Nashville_CBD/Polk Avenue
364,364,Elm Hill Pike/I-40,Nashville,Nashville,Elm Hill Pike/I-40,Nashville_Elm Hill Pike/I-40
365,365,Interchange City,Nashville,Nashville,Interchange City,Nashville_Interchange City
366,366,MetroCenter/Cockrill Bend,Nashville,Nashville,MetroCenter/Cockrill Bend,Nashville_MetroCenter/Cockrill Bend
367,367,Northeast/I-65N Corridor,Nashville,Nashville,Northeast/I-65N Corridor,Nashville_Northeast/I-65N Corridor
368,368,Branford,New Haven,New Haven,Branford,New Haven_Branford
369,369,Cheshire,New Haven,New Haven,Cheshire,New Haven_Cheshire
370,370,East Haven,New Haven,New Haven,East Haven,New Haven_East Haven
371,371,Guilford,New Haven,New Haven,Guilford,New Haven_Guilford
372,372,Hamden,New Haven,New Haven,Hamden,New Haven_Hamden
373,373,Madison,New Haven,New Haven,Madison,New Haven_Madison
374,374,Meriden,New Haven,New Haven,Meriden,New Haven_Meriden
375,375,Milford,New Haven,New Haven,Milford,New Haven_Milford
376,376,New Haven,New Haven,New Haven,New Haven,New Haven_New Haven
377,377,North Branford,New Haven,New Haven,North Branford,New Haven_North Branford
378,378,North Haven,New Haven,New Haven,North Haven,New Haven_North Haven
379,379,Orange,New Haven,New Haven,Orange,New Haven_Orange
380,380,Wallingford,New Haven,New Haven,Wallingford,New Haven_Wallingford
381,381,West Haven,New Haven,New Haven,West Haven,New Haven_West Haven
382,382,Woodbridge,New Haven,New Haven,Woodbridge,New Haven_Woodbridge
383,383,Brunswicks/Exit 9,Northern and Central New Jersey,Northern and Central New Jersey,Brunswicks/Exit 9,Northern and Central New Jersey_Brunswicks/Exit 9
384,384,Carteret/Avenel,Northern and Central New Jersey,Northern and Central New Jersey,Carteret/Avenel,Northern and Central New Jersey_Carteret/Avenel
385,385,Central Bergen,Northern and Central New Jersey,Northern and Central New Jersey,Central Bergen,Northern and Central New Jersey_Central Bergen
386,386,Central Union,Northern and Central New Jersey,Northern and Central New Jersey,Central Union,Northern and Central New Jersey_Central Union
387,387,Exit 8A,Northern and Central New Jersey,Northern and Central New Jersey,Exit 8A,Northern and Central New Jersey_Exit 8A
388,388,Fairfield Market,Northern and Central New Jersey,Northern and Central New Jersey,Fairfield Market,Northern and Central New Jersey_Fairfield Market
389,389,Hudson Waterfront,Northern and Central New Jersey,Northern and Central New Jersey,Hudson Waterfront,Northern and Central New Jersey_Hudson Waterfront
390,390,Hunterdon/Warren,Northern and Central New Jersey,Northern and Central New Jersey,Hunterdon/Warren,Northern and Central New Jersey_Hunterdon/Warren
391,391,Linden/Elizabeth,Northern and Central New Jersey,Northern and Central New Jersey,Linden/Elizabeth,Northern and Central New Jersey_Linden/Elizabeth
392,392,Meadowlands,Northern and Central New Jersey,Northern and Central New Jersey,Meadowlands,Northern and Central New Jersey_Meadowlands
393,393,Monmouth,Northern and Central New Jersey,Northern and Central New Jersey,Monmouth,Northern and Central New Jersey_Monmouth
394,394,Newark,Northern and Central New Jersey,Northern and Central New Jersey,Newark,Northern and Central New Jersey_Newark
395,395,North East Bergen,Northern and Central New Jersey,Northern and Central New Jersey,North East Bergen,Northern and Central New Jersey_North East Bergen
396,396,North West Bergen,Northern and Central New Jersey,Northern and Central New Jersey,North West Bergen,Northern and Central New Jersey_North West Bergen
397,397,Princeton,Northern and Central New Jersey,Northern and Central New Jersey,Princeton,Northern and Central New Jersey_Princeton
398,398,Route 23 North,Northern and Central New Jersey,Northern and Central New Jersey,Route 23 North,Northern and Central New Jersey_Route 23 North
399,399,Route 280 Corridor,Northern and Central New Jersey,Northern and Central New Jersey,Route 280 Corridor,Northern and Central New Jersey_Route 280 Corridor
400,400,Route 287/Exit 10,Northern and Central New Jersey,Northern and Central New Jersey,Route 287/Exit 10,Northern and Central New Jersey_Route 287/Exit 10
401,401,Route 46/23/2 Interchange,Northern and Central New Jersey,Northern and Central New Jersey,Route 46/23/2 Interchange,Northern and Central New Jersey_Route 46/23/2 Interchange
402,402,Route 78 East,Northern and Central New Jersey,Northern and Central New Jersey,Route 78 East,Northern and Central New Jersey_Route 78 East
403,403,Somerset,Northern and Central New Jersey,Northern and Central New Jersey,Somerset,Northern and Central New Jersey_Somerset
404,404,Suburban Essex,Northern and Central New Jersey,Northern and Central New Jersey,Suburban Essex,Northern and Central New Jersey_Suburban Essex
405,405,Trenton/295,Northern and Central New Jersey,Northern and Central New Jersey,Trenton/295,Northern and Central New Jersey_Trenton/295
406,406,Greeley/Evans,Northern Colorado,Northern Colorado,Greeley/Evans,Northern Colorado_Greeley/Evans
407,407,Loveland/Berthoud,Northern Colorado,Northern Colorado,Loveland/Berthoud,Northern Colorado_Loveland/Berthoud
408,408,I-25 North,Northern Colorado,Northern Colorado,I-25 North,Northern Colorado_I-25 North
409,409,Fort Collins,Northern Colorado,Northern Colorado,Fort Collins,Northern Colorado_Fort Collins
410,410,Alameda,Oakland,Oakland,Alameda,Oakland_Alameda
411,411,Berkeley,Oakland,Oakland,Berkeley,Oakland_Berkeley
412,412,Emeryville,Oakland,Oakland,Emeryville,Oakland_Emeryville
413,413,Hayward,Oakland,Oakland,Hayward,Oakland_Hayward
414,414,Oakland,Oakland,Oakland,Oakland,Oakland_Oakland
415,415,Richmond,Oakland,Oakland,Richmond,Oakland_Richmond
416,416,San Leandro,Oakland,Oakland,San Leandro,Oakland_San Leandro
417,417,San Lorenzo,Oakland,Oakland,San Lorenzo,Oakland_San Lorenzo
418,418,Union City,Oakland,Oakland,Union City,Oakland_Union City
419,419,Central,Oklahoma City,Oklahoma City,Central,Oklahoma City_Central
420,420,Northeast,Oklahoma City,Oklahoma City,Northeast,Oklahoma City_Northeast
421,421,Northwest,Oklahoma City,Oklahoma City,Northwest,Oklahoma City_Northwest
422,422,Southeast,Oklahoma City,Oklahoma City,Southeast,Oklahoma City_Southeast
423,423,Southwest,Oklahoma City,Oklahoma City,Southwest,Oklahoma City_Southwest
424,424,Council Bluffs,Omaha,Omaha,Council Bluffs,Omaha_Council Bluffs
425,425,Northeast,Omaha,Omaha,Northeast,Omaha_Northeast
426,426,Northwest,Omaha,Omaha,Northwest,Omaha_Northwest
427,427,Sarpy East,Omaha,Omaha,Sarpy East,Omaha_Sarpy East
428,428,Sarpy West,Omaha,Omaha,Sarpy West,Omaha_Sarpy West
429,429,South Central,Omaha,Omaha,South Central,Omaha_South Central
430,430,Southeast,Omaha,Omaha,Southeast,Omaha_Southeast
431,431,Southwest,Omaha,Omaha,Southwest,Omaha_Southwest
432,432,North Orange County,Orange County,Orange County,North Orange County,Orange County_North Orange County
433,433,South Orange County,Orange County,Orange County,South Orange County,Orange County_South Orange County
434,434,West County,Orange County,Orange County,West County,Orange County_West County
435,435,Northeast Orange Co,Orlando,Orlando,Northeast Orange Co,Orlando_Northeast Orange Co
436,436,Northwest Orange Co,Orlando,Orlando,Northwest Orange Co,Orlando_Northwest Orange Co
437,437,Osceola,Orlando,Orlando,Osceola,Orlando_Osceola
438,438,Seminole Co,Orlando,Orlando,Seminole Co,Orlando_Seminole Co
439,439,Southeast Orange Co,Orlando,Orlando,Southeast Orange Co,Orlando_Southeast Orange Co
440,440,Southwest Orange Co,Orlando,Orlando,Southwest Orange Co,Orlando_Southwest Orange Co
441,441,Chambersburg,PA I-78/I-81 Corridor,PA I-78/I-81 Corridor,Chambersburg,PA I-78/I-81 Corridor_Chambersburg
442,442,Reading,PA I-78/I-81 Corridor,PA I-78/I-81 Corridor,Reading,PA I-78/I-81 Corridor_Reading
443,443,Hazleton/Schuylkill,PA I-78/I-81 Corridor,PA I-78/I-81 Corridor,Hazleton/Schuylkill,PA I-78/I-81 Corridor_Hazleton/Schuylkill
444,444,Lancaster,PA I-78/I-81 Corridor,PA I-78/I-81 Corridor,Lancaster,PA I-78/I-81 Corridor_Lancaster
445,445,Lehigh Valley,PA I-78/I-81 Corridor,PA I-78/I-81 Corridor,Lehigh Valley,PA I-78/I-81 Corridor_Lehigh Valley
446,446,Boca Raton,Palm Beach County,Palm Beach County,Boca Raton,Palm Beach County_Boca Raton
447,447,Boynton Beach,Palm Beach County,Palm Beach County,Boynton Beach,Palm Beach County_Boynton Beach
448,448,Delray Beach,Palm Beach County,Palm Beach County,Delray Beach,Palm Beach County_Delray Beach
449,449,Jupiter,Palm Beach County,Palm Beach County,Jupiter,Palm Beach County_Jupiter
450,450,Lake Worth,Palm Beach County,Palm Beach County,Lake Worth,Palm Beach County_Lake Worth
451,451,West Palm Beach,Palm Beach County,Palm Beach County,West Palm Beach,Palm Beach County_West Palm Beach
452,452,Southeast Valley,Phoenix,Phoenix,Southeast Valley,Phoenix_Southeast Valley
453,453,Southwest Valley,Phoenix,Phoenix,Southwest Valley,Phoenix_Southwest Valley
454,454,Northeast Valley,Phoenix,Phoenix,Northeast Valley,Phoenix_Northeast Valley
455,455,Northwest Valley,Phoenix,Phoenix,Northwest Valley,Phoenix_Northwest Valley
456,456,Airport Area,Phoenix,Phoenix,Airport Area,Phoenix_Airport Area
457,457,Beaver County,Pittsburgh,Pittsburgh,Beaver County,Pittsburgh_Beaver County
458,458,Butler County,Pittsburgh,Pittsburgh,Butler County,Pittsburgh_Butler County
459,459,Cranberry,Pittsburgh,Pittsburgh,Cranberry,Pittsburgh_Cranberry
460,460,East,Pittsburgh,Pittsburgh,East,Pittsburgh_East
461,461,Northeast,Pittsburgh,Pittsburgh,Northeast,Pittsburgh_Northeast
462,462,Northwest,Pittsburgh,Pittsburgh,Northwest,Pittsburgh_Northwest
463,463,Pittsburgh,Pittsburgh,Pittsburgh,Pittsburgh,Pittsburgh_Pittsburgh
464,464,South,Pittsburgh,Pittsburgh,South,Pittsburgh_South
465,465,Washington County,Pittsburgh,Pittsburgh,Washington County,Pittsburgh_Washington County
466,466,West,Pittsburgh,Pittsburgh,West,Pittsburgh_West
467,467,Westmoreland County,Pittsburgh,Pittsburgh,Westmoreland County,Pittsburgh_Westmoreland County
468,468,Polk East,Polk County,Polk County,Polk East,Polk County_Polk East
469,469,Polk West,Polk County,Polk County,Polk West,Polk County_Polk West
470,470,Clark County,Portland,Portland,Clark County,Portland_Clark County
471,471,Northeast,Portland,Portland,Northeast,Portland_Northeast
472,472,Northwest,Portland,Portland,Northwest,Portland_Northwest
473,473,Southeast,Portland,Portland,Southeast,Portland_Southeast
474,474,Sunset Corridor,Portland,Portland,Sunset Corridor,Portland_Sunset Corridor
475,475,Aquidneck Island,Providence,Providence,Aquidneck Island,Providence_Aquidneck Island
476,476,Capital Center,Providence,Providence,Capital Center,Providence_Capital Center
477,477,East Bay,Providence,Providence,East Bay,Providence_East Bay
478,478,Empire,Providence,Providence,Empire,Providence_Empire
479,479,Financial,Providence,Providence,Financial,Providence_Financial
480,480,Jewelry,Providence,Providence,Jewelry,Providence_Jewelry
481,481,Northern RI,Providence,Providence,Northern RI,Providence_Northern RI
482,482,Promenade,Providence,Providence,Promenade,Providence_Promenade
483,483,Providence,Providence,Providence,Providence,Providence_Providence
484,484,Randall Square,Providence,Providence,Randall Square,Providence_Randall Square
485,485,South Main Street,Providence,Providence,South Main Street,Providence_South Main Street
486,486,West Bay,Providence,Providence,West Bay,Providence_West Bay
487,487,Westminster,Providence,Providence,Westminster,Providence_Westminster
488,488,Cameron Village,Raleigh Durham,Raleigh Durham,Cameron Village,Raleigh Durham_Cameron Village
489,489,Cary,Raleigh Durham,Raleigh Durham,Cary,Raleigh Durham_Cary
490,490,Downtown Durham,Raleigh Durham,Raleigh Durham,Downtown Durham,Raleigh Durham_Downtown Durham
491,491,Downtown Raleigh,Raleigh Durham,Raleigh Durham,Downtown Raleigh,Raleigh Durham_Downtown Raleigh
492,492,Eastern Wake,Raleigh Durham,Raleigh Durham,Eastern Wake,Raleigh Durham_Eastern Wake
493,493,Six Forks/Falls of Neuse Road,Raleigh Durham,Raleigh Durham,Six Forks/Falls of Neuse Road,Raleigh Durham_Six Forks/Falls of Neuse Road
494,494,North Durham,Raleigh Durham,Raleigh Durham,North Durham,Raleigh Durham_North Durham
495,495,Orange County,Raleigh Durham,Raleigh Durham,Orange County,Raleigh Durham_Orange County
496,496,RTP/I-40 Corridor,Raleigh Durham,Raleigh Durham,RTP/I-40 Corridor,Raleigh Durham_RTP/I-40 Corridor
497,497,South Durham,Raleigh Durham,Raleigh Durham,South Durham,Raleigh Durham_South Durham
498,498,Southern Wake County,"Raleigh Durham
","Raleigh Durham
",Southern Wake County,"Raleigh Durham
_Southern Wake County"
499,499,U.S. 1/Capital Boulevard,Raleigh Durham,Raleigh Durham,U.S. 1/Capital Boulevard,Raleigh Durham_U.S. 1/Capital Boulevard
500,500,U.S. 70/Glenwood Avenue,Raleigh Durham,Raleigh Durham,U.S. 70/Glenwood Avenue,Raleigh Durham_U.S. 70/Glenwood Avenue
501,501,West Raleigh,Raleigh Durham,Raleigh Durham,West Raleigh,Raleigh Durham_West Raleigh
502,502,Central/Airport,Reno,Reno,Central/Airport,Reno_Central/Airport
503,503,East Valley,Reno,Reno,East Valley,Reno_East Valley
504,504,North Valleys,Reno,Reno,North Valleys,Reno_North Valleys
505,505,South Reno,Reno,Reno,South Reno,Reno_South Reno
506,506,Sparks,Reno,Reno,Sparks,Reno_Sparks
507,507,West Reno,Reno,Reno,West Reno,Reno_West Reno
508,508,Northeast,Richmond,Richmond,Northeast,Richmond_Northeast
509,509,Northwest,Richmond,Richmond,Northwest,Richmond_Northwest
510,510,Southeast,Richmond,Richmond,Southeast,Richmond_Southeast
511,511,Southwest,Richmond,Richmond,Southwest,Richmond_Southwest
512,512,Auburn/Newcastle,Sacramento,Sacramento,Auburn/Newcastle,Sacramento_Auburn/Newcastle
513,513,Davis,Sacramento,Sacramento,Davis,Sacramento_Davis
514,514,Downtown/Midtown,Sacramento,Sacramento,Downtown/Midtown,Sacramento_Downtown/Midtown
515,515,East Sacramento,Sacramento,Sacramento,East Sacramento,Sacramento_East Sacramento
516,516,El Dorado Hills,Sacramento,Sacramento,El Dorado Hills,Sacramento_El Dorado Hills
517,517,Elk Grove/Laguna/Galt,Sacramento,Sacramento,Elk Grove/Laguna/Galt,Sacramento_Elk Grove/Laguna/Galt
518,518,Folsom,Sacramento,Sacramento,Folsom,Sacramento_Folsom
519,519,I-80/Roseville Rd,Sacramento,Sacramento,I-80/Roseville Rd,Sacramento_I-80/Roseville Rd
520,520,Lincoln,Sacramento,Sacramento,Lincoln,Sacramento_Lincoln
521,521,McClellan Park,Sacramento,Sacramento,McClellan Park,Sacramento_McClellan Park
522,522,Northeast Sacramento,Sacramento,Sacramento,Northeast Sacramento,Sacramento_Northeast Sacramento
523,523,Northgate/Natomas,Sacramento,Sacramento,Northgate/Natomas,Sacramento_Northgate/Natomas
524,524,Power Inn,Sacramento,Sacramento,Power Inn,Sacramento_Power Inn
525,525,Rancho Cordova/Hwy 50,Sacramento,Sacramento,Rancho Cordova/Hwy 50,Sacramento_Rancho Cordova/Hwy 50
526,526,Richards,Sacramento,Sacramento,Richards,Sacramento_Richards
527,527,Roseville/Rocklin,Sacramento,Sacramento,Roseville/Rocklin,Sacramento_Roseville/Rocklin
528,528,South Sacramento,Sacramento,Sacramento,South Sacramento,Sacramento_South Sacramento
529,529,West Sacramento,Sacramento,Sacramento,West Sacramento,Sacramento_West Sacramento
530,530,Woodland,Sacramento,Sacramento,Woodland,Sacramento_Woodland
531,531,Airport,Salt Lake City,Salt Lake City,Airport,Salt Lake City_Airport
532,532,Bluffdale,Salt Lake City,Salt Lake City,Bluffdale,Salt Lake City_Bluffdale
533,533,California Avenue,Salt Lake City,Salt Lake City,California Avenue,Salt Lake City_California Avenue
534,534,Downtown,Salt Lake City,Salt Lake City,Downtown,Salt Lake City_Downtown
535,535,Draper,Salt Lake City,Salt Lake City,Draper,Salt Lake City_Draper
536,536,Murray,Salt Lake City,Salt Lake City,Murray,Salt Lake City_Murray
537,537,Sandy,Salt Lake City,Salt Lake City,Sandy,Salt Lake City_Sandy
538,538,South Salt Lake,Salt Lake City,Salt Lake City,South Salt Lake,Salt Lake City_South Salt Lake
539,539,West Jordan,Salt Lake City,Salt Lake City,West Jordan,Salt Lake City_West Jordan
540,540,West Valley,Salt Lake City,Salt Lake City,West Valley,Salt Lake City_West Valley
541,541,CBD,San Antonio,San Antonio,CBD,San Antonio_CBD
542,542,North Central,San Antonio,San Antonio,North Central,San Antonio_North Central
543,543,Northeast,San Antonio,San Antonio,Northeast,San Antonio_Northeast
544,544,Northwest,San Antonio,San Antonio,Northwest,San Antonio_Northwest
545,545,South,San Antonio,San Antonio,South,San Antonio_South
546,546,North County,San Diego,San Diego,North County,San Diego_North County
547,547,South San Diego,San Diego,San Diego,South San Diego,San Diego_South San Diego
548,548,East County,San Diego,San Diego,East County,San Diego_East County
549,549,SouthWest Riverside County,San Diego,San Diego,SouthWest Riverside County,San Diego_SouthWest Riverside County
550,550,Central San Diego,San Diego,San Diego,Central San Diego,San Diego_Central San Diego
551,551,Brisbane,San Francisco Peninsula,San Francisco Peninsula,Brisbane,San Francisco Peninsula_Brisbane
552,552,Burlingame,San Francisco Peninsula,San Francisco Peninsula,Burlingame,San Francisco Peninsula_Burlingame
553,553,Daly City,San Francisco Peninsula,San Francisco Peninsula,Daly City,San Francisco Peninsula_Daly City
554,554,Foster City,San Francisco Peninsula,San Francisco Peninsula,Foster City,San Francisco Peninsula_Foster City
555,555,Menlo Park,San Francisco Peninsula,San Francisco Peninsula,Menlo Park,San Francisco Peninsula_Menlo Park
556,556,Millbrae,San Francisco Peninsula,San Francisco Peninsula,Millbrae,San Francisco Peninsula_Millbrae
557,557,Palo Alto/East PA,San Francisco Peninsula,San Francisco Peninsula,Palo Alto/East PA,San Francisco Peninsula_Palo Alto/East PA
558,558,Redwood City,San Francisco Peninsula,San Francisco Peninsula,Redwood City,San Francisco Peninsula_Redwood City
559,559,San Bruno,San Francisco Peninsula,San Francisco Peninsula,San Bruno,San Francisco Peninsula_San Bruno
560,560,San Mateo,San Francisco Peninsula,San Francisco Peninsula,San Mateo,San Francisco Peninsula_San Mateo
561,561,South San Francisco,San Francisco Peninsula,San Francisco Peninsula,South San Francisco,San Francisco Peninsula_South San Francisco
562,562,Cupertino,Silicon Valley,Silicon Valley,Cupertino,Silicon Valley_Cupertino
563,563,Fremont/Newark,Silicon Valley,Silicon Valley,Fremont/Newark,Silicon Valley_Fremont/Newark
564,564,Milpitas,Silicon Valley,Silicon Valley,Milpitas,Silicon Valley_Milpitas
565,565,Mountain View/Los Altos,Silicon Valley,Silicon Valley,Mountain View/Los Altos,Silicon Valley_Mountain View/Los Altos
566,566,San Jose – IBP/Downtown,Silicon Valley,Silicon Valley,San Jose – IBP/Downtown,Silicon Valley_San Jose – IBP/Downtown
567,567,San Jose - North,Silicon Valley,Silicon Valley,San Jose - North,Silicon Valley_San Jose - North
568,568,San Jose - South,Silicon Valley,Silicon Valley,San Jose - South,Silicon Valley_San Jose - South
569,569,Santa Clara,Silicon Valley,Silicon Valley,Santa Clara,Silicon Valley_Santa Clara
570,570,West Valley,Silicon Valley,Silicon Valley,West Valley,Silicon Valley_West Valley
571,571,Sunnyvale,Silicon Valley,Silicon Valley,Sunnyvale,Silicon Valley_Sunnyvale
572,572,Savannah,Savannah,Savannah,Savannah,Savannah_Savannah
573,573,East Seattle / Capitol Hill / Rainier Va,Seattle,Seattle,East Seattle / Capitol Hill / Rainier Va,Seattle_East Seattle / Capitol Hill / Rainier Va
574,574,Seattle Close In,Seattle,Seattle,Seattle Close In,Seattle_Seattle Close In
575,575,Tacoma/Fife,Seattle,Seattle,Tacoma/Fife,Seattle_Tacoma/Fife
576,576,American Canyon,Napa-Solano County,Napa-Solano County,American Canyon,Napa-Solano County_American Canyon
577,577,Benicia,Solano-Napa County,Solano-Napa County,Benicia,Solano-Napa County_Benicia
578,578,Fairfield,Napa-Solano County,Napa-Solano County,Fairfield,Napa-Solano County_Fairfield
579,579,Napa,Solano-Napa County,Solano-Napa County,Napa,Solano-Napa County_Napa
580,580,Vacaville,Napa-Solano County,Napa-Solano County,Vacaville,Napa-Solano County_Vacaville
581,581,Vallejo,Napa-Solano County,Napa-Solano County,Vallejo,Napa-Solano County_Vallejo
582,582,Central County,St Louis,St Louis,Central County,St Louis_Central County
583,583,Maryland Heights,St Louis,St Louis,Maryland Heights,St Louis_Maryland Heights
584,584,Fenton,St Louis,St Louis,Fenton,St Louis_Fenton
585,585,Metro East,St Louis,St Louis,Metro East,St Louis_Metro East
586,586,North County,St Louis,St Louis,North County,St Louis_North County
587,587,St. Charles County,St Louis,St Louis,St. Charles County,St Louis_St. Charles County
588,588,Downtown,St Louis,St Louis,Downtown,St Louis_Downtown
589,589,West County,St Louis,St Louis,West County,St Louis_West County
590,590,Westport,St Louis,St Louis,Westport,St Louis_Westport
591,591,Ceres,Central Valley,Central Valley,Ceres,Central Valley_Ceres
592,592,Lathrop,Central Valley,Central Valley,Lathrop,Central Valley_Lathrop
593,593,Lodi,Central Valley,Central Valley,Lodi,Central Valley_Lodi
594,594,Manteca,Central Valley,Central Valley,Manteca,Central Valley_Manteca
595,595,Modesto,Central Valley,Central Valley,Modesto,Central Valley_Modesto
596,596,Oakdale,Central Valley,Central Valley,Oakdale,Central Valley_Oakdale
597,597,Patterson,Central Valley,Central Valley,Patterson,Central Valley_Patterson
598,598,Stockton,Central Valley,Central Valley,Stockton,Central Valley_Stockton
599,599,Tracy,Central Valley,Central Valley,Tracy,Central Valley_Tracy
600,600,Turlock,Central Valley,Central Valley,Turlock,Central Valley_Turlock
601,601,East Tampa,Tampa,Tampa,East Tampa,Tampa_East Tampa
602,602,Mid Pinellas/Gateway,Tampa,Tampa,Mid Pinellas/Gateway,Tampa_Mid Pinellas/Gateway
603,603,Northeast Tampa,Tampa,Tampa,Northeast Tampa,Tampa_Northeast Tampa
604,604,North Pinellas,Tampa,Tampa,North Pinellas,Tampa_North Pinellas
605,605,Northwest Tampa,Tampa,Tampa,Northwest Tampa,Tampa_Northwest Tampa
606,606,Plant City,Tampa,Tampa,Plant City,Tampa_Plant City
607,607,Southeast Tampa,Tampa,Tampa,Southeast Tampa,Tampa_Southeast Tampa
608,608,South Pinellas,Tampa,Tampa,South Pinellas,Tampa_South Pinellas
609,609,Southwest Tampa,Tampa,Tampa,Southwest Tampa,Tampa_Southwest Tampa
610,610,Tampa CBD,Tampa,Tampa,Tampa CBD,Tampa_Tampa CBD
611,611,Westshore,Tampa,Tampa,Westshore,Tampa_Westshore
612,612,Central Business District,Toledo,Toledo,Central Business District,Toledo_Central Business District
613,613,East Toledo / Oregon,Toledo,Toledo,East Toledo / Oregon,Toledo_East Toledo / Oregon
614,614,North Toledo,Toledo,Toledo,North Toledo,Toledo_North Toledo
615,615,Perrysburg / Northwood,Toledo,Toledo,Perrysburg / Northwood,Toledo_Perrysburg / Northwood
616,616,South / Southwest,Toledo,Toledo,South / Southwest,Toledo_South / Southwest
617,617,West / Sylvania,Toledo,Toledo,West / Sylvania,Toledo_West / Sylvania
618,618,Airport,Tucson,Tucson,Airport,Tucson_Airport
619,619,East Central,Tucson,Tucson,East Central,Tucson_East Central
620,620,North Central San Antonio,Tucson,Tucson,North Central San Antonio,Tucson_North Central San Antonio
621,621,Northeast,Tucson,Tucson,Northeast,Tucson_Northeast
622,622,Northwest,Tucson,Tucson,Northwest,Tucson_Northwest
623,623,Southeast,Tucson,Tucson,Southeast,Tucson_Southeast
624,624,Southwest,Tucson,Tucson,Southwest,Tucson_Southwest
625,625,West Central,Tucson,Tucson,West Central,Tucson_West Central
626,626,CBD,Tulsa,Tulsa,CBD,Tulsa_CBD
627,627,East,Tulsa,Tulsa,East,Tulsa_East
628,628,Midtown,Tulsa,Tulsa,Midtown,Tulsa_Midtown
629,629,North Central San Antonio,Tulsa,Tulsa,North Central San Antonio,Tulsa_North Central San Antonio
630,630,Northeast,Tulsa,Tulsa,Northeast,Tulsa_Northeast
631,631,Northwest,Tulsa,Tulsa,Northwest,Tulsa_Northwest
632,632,South,Tulsa,Tulsa,South,Tulsa_South
633,633,South Central,Tulsa,Tulsa,South Central,Tulsa_South Central
634,634,Southeast,Tulsa,Tulsa,Southeast,Tulsa_Southeast
635,635,Southwest,Tulsa,Tulsa,Southwest,Tulsa_Southwest
636,636,East Ventura County,Ventura County,Ventura County,East Ventura County,Ventura County_East Ventura County
637,637,West Ventura County,Ventura County,Ventura County,West Ventura County,Ventura County_West Ventura County
638,638,Arlington County,Virginia (Northern),Virginia (Northern),Arlington County,Virginia (Northern)_Arlington County
639,639,Fairfax County,Virginia (Northern),Virginia (Northern),Fairfax County,Virginia (Northern)_Fairfax County
640,640,City of Alexandria,Virginia (Northern),Virginia (Northern),City of Alexandria,Virginia (Northern)_City of Alexandria
641,641,Loudoun County,Virginia (Northern),Virginia (Northern),Loudoun County,Virginia (Northern)_Loudoun County
642,642,Prince William County,Virginia (Northern),Virginia (Northern),Prince William County,Virginia (Northern)_Prince William County
643,643,Dublin,Walnut Creek,Walnut Creek,Dublin,Walnut Creek_Dublin
644,644,Livermore,Walnut Creek,Walnut Creek,Livermore,Walnut Creek_Livermore
645,645,Pleasanton,Walnut Creek,Walnut Creek,Pleasanton,Walnut Creek_Pleasanton
646,646,San Ramon,Walnut Creek,Walnut Creek,San Ramon,Walnut Creek_San Ramon
647,647,Capitol Hill,Washington D.C.,Washington D.C.,Capitol Hill,Washington D.C._Capitol Hill
648,648,Capitol Riverfront,Washington D.C.,Washington D.C.,Capitol Riverfront,Washington D.C._Capitol Riverfront
649,649,Central Business District,Washington D.C.,Washington D.C.,Central Business District,Washington D.C._Central Business District
650,650,Inland Empire East,Washington D.C.,Washington D.C.,Inland Empire East,Washington D.C._Inland Empire East
651,651,Georgetown,Washington D.C.,Washington D.C.,Georgetown,Washington D.C._Georgetown
652,652,NOMA,Washington D.C.,Washington D.C.,NOMA,Washington D.C._NOMA
653,653,Southwest,Washington D.C.,Washington D.C.,Southwest,Washington D.C._Southwest
654,654,Uptown,Washington D.C.,Washington D.C.,Uptown,Washington D.C._Uptown
655,655,Inland Empire West,Washington D.C.,Washington D.C.,Inland Empire West,Washington D.C._Inland Empire West
656,656,Clemmons,Greensboro Winston-Salem,Greensboro Winston-Salem,Clemmons,Greensboro Winston-Salem_Clemmons
657,657,Kernersville,Greensboro Winston-Salem,Greensboro Winston-Salem,Kernersville,Greensboro Winston-Salem_Kernersville
658,658,North Forsyth,Greensboro Winston-Salem,Greensboro Winston-Salem,North Forsyth,Greensboro Winston-Salem_North Forsyth
659,659,West Forsyth,Greensboro Winston-Salem,Greensboro Winston-Salem,West Forsyth,Greensboro Winston-Salem_West Forsyth
660,660,South Shore,Staten Island,Staten Island,South Shore,Staten Island_South Shore
661,661,Staten Island,New York City,New York City,Staten Island,New York City_Staten Island
662,662,North Shore,Staten Island,Staten Island,North Shore,Staten Island_North Shore
663,663,Bronx,New York City,New York City,Bronx,New York City_Bronx
664,664,Brooklyn,New York City,New York City,Brooklyn,New York City_Brooklyn
665,665,JFK,New York City,New York City,JFK,New York City_JFK
666,666,Queens,New York City,New York City,Queens,New York City_Queens
667,667,Central New Jersey,Northern and Central New Jersey,Northern and Central New Jersey,Central New Jersey,Northern and Central New Jersey_Central New Jersey
668,668,Outlying,Columbus,Columbus,Outlying,Columbus_Outlying
669,669,Dallas,Dallas - Fort Worth,Dallas - Fort Worth,Dallas,Dallas - Fort Worth_Dallas
670,670,Fort Worth,Dallas - Fort Worth,Dallas - Fort Worth,Fort Worth,Dallas - Fort Worth_Fort Worth
671,671,Northern New Jersey,Northern and Central New Jersey,Northern and Central New Jersey,Northern New Jersey,Northern and Central New Jersey_Northern New Jersey
672,672,SeaTac,Seattle,Seattle,SeaTac,Seattle_SeaTac
673,673,Kent,Seattle,Seattle,Kent,Seattle_Kent
674,674,Renton,Seattle,Seattle,Renton,Seattle_Renton
675,675,Federal Way,Seattle,Seattle,Federal Way,Seattle_Federal Way
676,676,Port of Tacoma / Downtown,Seattle,Seattle,Port of Tacoma / Downtown,Seattle_Port of Tacoma / Downtown
677,677,Fife,Seattle,Seattle,Fife,Seattle_Fife
678,678,Lakewood,Seattle,Seattle,Lakewood,Seattle_Lakewood
679,679,DuPont,Seattle,Seattle,DuPont,Seattle_DuPont
680,680,Bellevue,Seattle,Seattle,Bellevue,Seattle_Bellevue
681,681,Kirkland / Totem Lake,Seattle,Seattle,Kirkland / Totem Lake,Seattle_Kirkland / Totem Lake
682,682,Redmond/Overlake,Seattle,Seattle,Redmond/Overlake,Seattle_Redmond/Overlake
683,683,Tukwila,Seattle,Seattle,Tukwila,Seattle_Tukwila
684,684,East Seattle / Capitol Hill / Rainier Valley,Seattle,Seattle,East Seattle / Capitol Hill / Rainier Valley,Seattle_East Seattle / Capitol Hill / Rainier Valley
685,685,South Seattle / West Seattle,Seattle,Seattle,South Seattle / West Seattle,Seattle_South Seattle / West Seattle
686,686,Puyallup,Seattle,Seattle,Puyallup,Seattle_Puyallup
687,687,Auburn,Seattle,Seattle,Auburn,Seattle_Auburn
688,688,North Seattle / Interbay,Seattle,Seattle,North Seattle / Interbay,Seattle_North Seattle / Interbay
689,689,Woodinville / Maltby,Seattle,Seattle,Woodinville / Maltby,Seattle_Woodinville / Maltby
690,690,Bothell,Seattle,Seattle,Bothell,Seattle_Bothell
691,691,Lynnwood / Edmonds / Mtlk Terrace,Seattle,Seattle,Lynnwood / Edmonds / Mtlk Terrace,Seattle_Lynnwood / Edmonds / Mtlk Terrace
692,692,Mukilteo,Seattle,Seattle,Mukilteo,Seattle_Mukilteo
693,693,Everett,Seattle,Seattle,Everett,Seattle_Everett
694,694,Monroe,Seattle,Seattle,Monroe,Seattle_Monroe
695,695,North Snohomish,Seattle,Seattle,North Snohomish,Seattle_North Snohomish
696,696,Tacoma West,Seattle,Seattle,Tacoma West,Seattle_Tacoma West
697,697,Downtown / Lake Union,Seattle,Seattle,Downtown / Lake Union,Seattle_Downtown / Lake Union
698,698,Marymoor,Seattle,Seattle,Marymoor,Seattle_Marymoor
699,699,Willows,Seattle,Seattle,Willows,Seattle_Willows
700,700,Sumner,Seattle,Seattle,Sumner,Seattle_Sumner
701,701,I-90,Seattle,Seattle,I-90,Seattle_I-90
702,702,Frederickson,Seattle,Seattle,Frederickson,Seattle_Frederickson
703,703,US 1/64 West Corridor,Raleigh Durham,Raleigh Durham,US 1/64 West Corridor,Raleigh Durham_US 1/64 West Corridor
704,704,North Alamance,Greensboro Winston-Salem,Greensboro Winston-Salem,North Alamance,Greensboro Winston-Salem_North Alamance
705,705,Southwest Alamance,Greensboro Winston-Salem,Greensboro Winston-Salem,Southwest Alamance,Greensboro Winston-Salem_Southwest Alamance
706,706,Southeast Alamance,Greensboro,Greensboro,Southeast Alamance,Greensboro_Southeast Alamance
707,707,Southeast Forsyth,Greensboro Winston-Salem,Greensboro Winston-Salem,Southeast Forsyth,Greensboro Winston-Salem_Southeast Forsyth
708,708,Davidson County,Greensboro Winston-Salem,Greensboro Winston-Salem,Davidson County,Greensboro Winston-Salem_Davidson County
709,709,Davie County,Greensboro Winston-Salem,Greensboro Winston-Salem,Davie County,Greensboro Winston-Salem_Davie County
710,710,South County,St Louis,St Louis,South County,St Louis_South County
711,711,Earth City,St Louis,St Louis,Earth City,St Louis_Earth City
712,712,Southern Anne Arundel County,Baltimore,Baltimore,Southern Anne Arundel County,Baltimore_Southern Anne Arundel County
713,713,Southern Anne Arundel County,Baltimore,Baltimore,Southern Anne Arundel County,Baltimore_Southern Anne Arundel County
714,714,West,Houston,Houston,West,Houston_West
715,715, , , , , _ 
716,716,Riviera Beach,Palm Beach County,Palm Beach County,Riviera Beach,Palm Beach County_Riviera Beach
717,717,Southwest,Portland,Portland,Southwest,Portland_Southwest
718,718,Southwest,Minneapolis,Minneapolis,Southwest,Minneapolis_Southwest
719,719,Polk East,Polk County,Polk County,Polk East,Polk County_Polk East
720,720,Polk West,Polk County,Polk County,Polk West,Polk County_Polk West
721,721,Pasco County,Tampa,Tampa,Pasco County,Tampa_Pasco County
722,722,Airport,Tampa,Tampa,Airport,Tampa_Airport
723,723,I-840,Nashville,Nashville,I-840,Nashville_I-840
724,724,Lake County,Orlando,Orlando,Lake County,Orlando_Lake County
725,725,Airport Area,Orange County,Orange County,Airport Area,Orange County_Airport Area
726,726,Fayette County,Memphis,Memphis,Fayette County,Memphis_Fayette County
727,727,Marshall County,Memphis,Memphis,Marshall County,Memphis_Marshall County
728,728, , , , , _ 
729,729, Iredell County,Charlotte,Charlotte, Iredell County,Charlotte_ Iredell County
730,730, , , , , _ 
731,731, , , , , _ 
732,732,Rowan County,Charlotte,Charlotte,Rowan County,Charlotte_Rowan County
733,733,Cabarrus County,Charlotte,Charlotte,Cabarrus County,Charlotte_Cabarrus County
734,734,Lancaster County,Charlotte,Charlotte,Lancaster County,Charlotte_Lancaster County
735,735,Lincoln County,Charlotte,Charlotte,Lincoln County,Charlotte_Lincoln County
736,736,Gaston County,Charlotte,Charlotte,Gaston County,Charlotte_Gaston County
737,737,York County,Charlotte,Charlotte,York County,Charlotte_York County
738,738,Union County,Charlotte,Charlotte,Union County,Charlotte_Union County
739,739,Southeast,Boise,Boise,Southeast,Boise_Southeast
740,740,Southwest,Boise,Boise,Southwest,Boise_Southwest
741,741,Bench,Boise,Boise,Bench,Boise_Bench
742,742,Downtown,Boise,Boise,Downtown,Boise_Downtown
743,743,West,Boise,Boise,West,Boise_West
744,744,Eagle,Boise,Boise,Eagle,Boise_Eagle
745,745,Star,Boise,Boise,Star,Boise_Star
746,746,West Canyon,Boise,Boise,West Canyon,Boise_West Canyon
747,747,Meridian,Boise,Boise,Meridian,Boise_Meridian
748,748,Caldwell,Boise,Boise,Caldwell,Boise_Caldwell
749,749,North Boise,Boise,Boise,North Boise,Boise_North Boise
750,750,South Meridian,Boise,Boise,South Meridian,Boise_South Meridian
751,751,Nampa,Boise,Boise,Nampa,Boise_Nampa
752,752,Kuna,Boise,Boise,Kuna,Boise_Kuna
753,753,Airport,Boise,Boise,Airport,Boise_Airport
754,754,Worcester South,Boston,Boston,Worcester South,Boston_Worcester South
755,755,City of Worcester,Boston,Boston,City of Worcester,Boston_City of Worcester
756,756,Worcester North,Boston,Boston,Worcester North,Boston_Worcester North
757,757,Rockford,Chicago,Chicago,Rockford,Chicago_Rockford
758,758,Dekalb Area,Chicago,Chicago,Dekalb Area,Chicago_Dekalb Area
759,759,South Dallas,Dallas - Fort Worth,Dallas - Fort Worth,South Dallas,Dallas - Fort Worth_South Dallas
760,760,Caldwell County,Austin,Austin,Caldwell County,Austin_Caldwell County
761,761,Hays County,Austin,Austin,Hays County,Austin_Hays County
762,762,Burnet County,Austin,Austin,Burnet County,Austin_Burnet County
763,763,Round Rock,Austin,Austin,Round Rock,Austin_Round Rock
764,764,Bastrop County,Austin,Austin,Bastrop County,Austin_Bastrop County
765,765,Cedar Park,Austin,Austin,Cedar Park,Austin_Cedar Park
766,766,Far Northeast,Austin,Austin,Far Northeast,Austin_Far Northeast
767,767,East,Austin,Austin,East,Austin_East
768,768,Southeast,Austin,Austin,Southeast,Austin_Southeast
769,769,Horizon East,El Paso,El Paso,Horizon East,El Paso_Horizon East
770,770,South,Indianapolis,Indianapolis,South,Indianapolis_South
771,771,West,Indianapolis,Indianapolis,West,Indianapolis_West
772,772,Apex,Las Vegas,Las Vegas,Apex,Las Vegas_Apex
773,773,Shelby County,Louisville,Louisville,Shelby County,Louisville_Shelby County
774,774,Westlaco,McAllen,McAllen,Westlaco,McAllen_Westlaco
775,775,Morris Region,Northern and Central New Jersey,Northern and Central New Jersey,Morris Region,Northern and Central New Jersey_Morris Region
776,776,Granville,Raleigh Durham,Raleigh Durham,Granville,Raleigh Durham_Granville
777,777,Franklin County,Raleigh Durham,Raleigh Durham,Franklin County,Raleigh Durham_Franklin County
778,778,Johnson County,Raleigh Durham,Raleigh Durham,Johnson County,Raleigh Durham_Johnson County
779,779,San Carlos,San Francisco Peninsula,San Francisco Peninsula,San Carlos,San Francisco Peninsula_San Carlos
780,780,Belmont,San Francisco Peninsula,San Francisco Peninsula,Belmont,San Francisco Peninsula_Belmont
781,781,Dixon,Napa-Solano County,Napa-Solano County,Dixon,Napa-Solano County_Dixon
782,782,Northeast,Oklahoma City,Oklahoma City,Northeast,Oklahoma City_Northeast
783,783,Longmont,Denver,Denver,Longmont,Denver_Longmont
784,784,I-25 South,Northern Colorado,Northern Colorado,I-25 South,Northern Colorado_I-25 South
785,785,Windsor,Northern Colorado,Northern Colorado,Windsor,Northern Colorado_Windsor
786,786,Weld County South,Northern Colorado,Northern Colorado,Weld County South,Northern Colorado_Weld County South
787,787,Southeast PA,Philadelphia,Philadelphia,Southeast PA,Philadelphia_Southeast PA
788,788,Northern DE,Philadelphia,Philadelphia,Northern DE,Philadelphia_Northern DE
789,789,Southern NJ,Philadelphia,Philadelphia,Southern NJ,Philadelphia_Southern NJ
790,790,Kent Valley,Puget Sound,Puget Sound,Kent Valley,Puget Sound_Kent Valley
791,791,Eastside,Puget Sound,Puget Sound,Eastside,Puget Sound_Eastside
792,792,Thurston County,Puget Sound,Puget Sound,Thurston County,Puget Sound_Thurston County
793,793,Lewis County,Puget Sound,Puget Sound,Lewis County,Puget Sound_Lewis County
794,794,Tacoma,Puget Sound,Puget Sound,Tacoma,Puget Sound_Tacoma
795,795,Northend,Puget Sound,Puget Sound,Northend,Puget Sound_Northend
796,796,Bakersfield,South Central Valley,South Central Valley,Bakersfield,South Central Valley_Bakersfield
797,797,Visalia,South Central Valley,South Central Valley,Visalia,South Central Valley_Visalia
798,798,Hanford,South Central Valley,South Central Valley,Hanford,South Central Valley_Hanford
799,799,Fresno,South Central Valley,South Central Valley,Fresno,South Central Valley_Fresno
800,800,Merced,South Central Valley,South Central Valley,Merced,South Central Valley_Merced
801,801,Madera,South Central Valley,South Central Valley,Madera,South Central Valley_Madera
802,802,Peninsula,Norfolk,Norfolk,Peninsula,Norfolk_Peninsula
803,803,Southside,Norfolk,Norfolk,Southside,Norfolk_Southside
804,804,City of Vernon,Central Los Angeles,Central Los Angeles,City of Vernon,Central Los Angeles_City of Vernon
805,805,City of Commerce,Central Los Angeles,Central Los Angeles,City of Commerce,Central Los Angeles_City of Commerce
806,806,Pico Rivera,Central Los Angeles,Central Los Angeles,Pico Rivera,Central Los Angeles_Pico Rivera
807,807,South Gate,Central Los Angeles,Central Los Angeles,South Gate,Central Los Angeles_South Gate
808,808,Cudahy,Central Los Angeles,Central Los Angeles,Cudahy,Central Los Angeles_Cudahy
809,809,Maywood,Central Los Angeles,Central Los Angeles,Maywood,Central Los Angeles_Maywood
810,810,Bell,Central Los Angeles,Central Los Angeles,Bell,Central Los Angeles_Bell
811,811,Bell Gardens,Central Los Angeles,Central Los Angeles,Bell Gardens,Central Los Angeles_Bell Gardens
812,812,Monterey Park,Central Los Angeles,Central Los Angeles,Monterey Park,Central Los Angeles_Monterey Park
813,813, Palo Alto,Silicon Valley,Silicon Valley, Palo Alto,Silicon Valley_ Palo Alto
814,814, , , , , _ 
815,815,Frederick,Suburban Maryland,Suburban Maryland,Frederick,Suburban Maryland_Frederick
816,816, , , , , _ 
817,817,Harrisburg/York,PA I-78/I-81 Corridor,PA I-78/I-81 Corridor,Harrisburg/York,PA I-78/I-81 Corridor_Harrisburg/York
818,818,Scranton,PA I-78/I-81 Corridor,PA I-78/I-81 Corridor,Scranton,PA I-78/I-81 Corridor_Scranton
